asof,series,label,date,value,chg_1d,chg_1w
2026-09-06,DGS30,미국채 30년,2026-09-03,5.25,-0.02,0.06
2026-09-06,DGS10,미국채 10년,2026-09-03,4.77,-0.02,0.1
2026-09-06,BAMLH0A0HYM2,하이일드 스프레드(OAS),2026-09-03,2.65,-0.01,0.02
2026-09-06,BAMLC0A4CBBB,BBB 회사채 스프레드,2026-09-03,1.0,0.01,0.02
2026-09-06,DTWEXBGS,달러지수(광의),2026-08-28,118.7479,0.3896,0.6851
2026-09-06,DGS30,미국채 30년,2026-09-03,5.25,-0.02,0.06
2026-09-06,DGS10,미국채 10년,2026-09-03,4.77,-0.02,0.1
2026-09-06,BAMLH0A0HYM2,하이일드 스프레드(OAS),2026-09-03,2.65,-0.01,0.02
2026-09-06,BAMLC0A4CBBB,BBB 회사채 스프레드,2026-09-03,1.0,0.01,0.02
2026-09-06,DTWEXBGS,달러지수(광의),2026-08-28,118.7479,0.3896,0.6851
2026-09-08,DGS30,미국채 30년,2026-09-03,5.25,-0.02,0.06
2026-09-08,DGS10,미국채 10년,2026-09-03,4.77,-0.02,0.1
2026-09-08,BAMLH0A0HYM2,하이일드 스프레드(OAS),2026-09-03,2.65,-0.01,0.02
2026-09-08,BAMLC0A4CBBB,BBB 회사채 스프레드,2026-09-03,1.0,0.01,0.02
2026-09-08,DTWEXBGS,달러지수(광의),2026-08-28,118.7479,0.3896,0.6851
2026-09-08,DGS30,미국채 30년,2026-09-04,5.24,-0.01,0.02
2026-09-08,DGS10,미국채 10년,2026-09-04,4.78,0.01,0.05
2026-09-08,BAMLH0A0HYM2,하이일드 스프레드(OAS),2026-09-07,2.68,0.0,0.05
2026-09-08,BAMLC0A4CBBB,BBB 회사채 스프레드,2026-09-07,0.99,0.0,0.01
2026-09-08,DTWEXBGS,달러지수(광의),2026-09-04,118.0732,-0.0538,-0.6747
2026-09-09,DGS30,미국채 30년,2026-09-08,5.25,0.01,0.0
2026-09-09,DGS10,미국채 10년,2026-09-08,4.8,0.02,0.05
2026-09-09,BAMLH0A0HYM2,하이일드 스프레드(OAS),2026-09-08,2.67,-0.01,0.02
2026-09-09,BAMLC0A4CBBB,BBB 회사채 스프레드,2026-09-08,0.99,0.0,0.0
2026-09-09,DTWEXBGS,달러지수(광의),2026-09-04,118.0732,-0.0538,-0.6747
2026-09-10,DGS30,미국채 30년,2026-09-09,5.28,0.03,0.01
2026-09-10,DGS10,미국채 10년,2026-09-09,4.83,0.03,0.04
2026-09-10,BAMLH0A0HYM2,하이일드 스프레드(OAS),2026-09-09,2.71,0.04,0.05
2026-09-10,BAMLC0A4CBBB,BBB 회사채 스프레드,2026-09-09,0.99,0.0,0.0
2026-09-10,DTWEXBGS,달러지수(광의),2026-09-04,118.0732,-0.0538,-0.6747
2026-09-13,DGS30,미국채 30년,2026-09-10,5.37,0.09,0.1
2026-09-13,DGS10,미국채 10년,2026-09-10,4.95,0.12,0.16
2026-09-13,BAMLH0A0HYM2,하이일드 스프레드(OAS),2026-09-10,2.7,-0.01,0.05
2026-09-13,BAMLC0A4CBBB,BBB 회사채 스프레드,2026-09-10,0.98,-0.01,-0.02
2026-09-13,DTWEXBGS,달러지수(광의),2026-09-04,118.0732,-0.0538,-0.6747
2026-09-15,DGS30,미국채 30년,2026-09-11,5.35,-0.02,0.1
2026-09-15,DGS10,미국채 10년,2026-09-11,4.96,0.01,0.19
2026-09-15,BAMLH0A0HYM2,하이일드 스프레드(OAS),2026-09-11,2.65,-0.05,-0.03
2026-09-15,BAMLC0A4CBBB,BBB 회사채 스프레드,2026-09-11,0.97,-0.01,-0.02
2026-09-15,DTWEXBGS,달러지수(광의),2026-09-11,118.2126,0.1339,0.0856
2026-09-16,DGS30,미국채 30년,2026-09-14,5.34,-0.01,0.1
2026-09-16,DGS10,미국채 10년,2026-09-14,4.97,0.01,0.19
2026-09-16,BAMLH0A0HYM2,하이일드 스프레드(OAS),2026-09-14,2.71,0.06,0.03
2026-09-16,BAMLC0A4CBBB,BBB 회사채 스프레드,2026-09-14,0.98,0.01,-0.01
2026-09-16,DTWEXBGS,달러지수(광의),2026-09-11,118.2126,0.1339,0.0856
2026-09-17,DGS30,미국채 30년,2026-09-15,5.36,0.02,0.11
2026-09-17,DGS10,미국채 10년,2026-09-15,5.0,0.03,0.2
2026-09-17,BAMLH0A0HYM2,하이일드 스프레드(OAS),2026-09-15,2.76,0.05,0.09
2026-09-17,BAMLC0A4CBBB,BBB 회사채 스프레드,2026-09-15,0.98,0.0,-0.01
2026-09-17,DTWEXBGS,달러지수(광의),2026-09-11,118.2126,0.1339,0.0856
2026-09-18,DGS30,미국채 30년,2026-09-16,5.35,-0.01,0.07
2026-09-18,DGS10,미국채 10년,2026-09-16,5.01,0.01,0.18
2026-09-18,BAMLH0A0HYM2,하이일드 스프레드(OAS),2026-09-16,2.7,-0.06,-0.01
2026-09-18,BAMLC0A4CBBB,BBB 회사채 스프레드,2026-09-16,0.96,-0.02,-0.03
2026-09-18,DTWEXBGS,달러지수(광의),2026-09-11,118.2126,0.1339,0.0856
2026-09-21,DGS30,미국채 30년,2026-09-17,5.29,-0.06,-0.08
2026-09-21,DGS10,미국채 10년,2026-09-17,4.94,-0.07,-0.01
2026-09-21,BAMLH0A0HYM2,하이일드 스프레드(OAS),2026-09-17,2.7,0.0,0.0
2026-09-21,BAMLC0A4CBBB,BBB 회사채 스프레드,2026-09-17,0.95,-0.01,-0.03
2026-09-21,DTWEXBGS,달러지수(광의),2026-09-11,118.2126,0.1339,0.0856
2026-09-22,DGS30,미국채 30년,2026-09-18,5.34,0.05,-0.01
2026-09-22,DGS10,미국채 10년,2026-09-18,5.01,0.07,0.05
2026-09-22,BAMLH0A0HYM2,하이일드 스프레드(OAS),2026-09-18,2.68,-0.02,0.03
2026-09-22,BAMLC0A4CBBB,BBB 회사채 스프레드,2026-09-18,0.94,-0.01,-0.03
2026-09-22,DTWEXBGS,달러지수(광의),2026-09-18,119.5133,0.1644,1.3007
2026-09-23,DGS30,미국채 30년,2026-09-21,5.29,-0.05,-0.05
2026-09-23,DGS10,미국채 10년,2026-09-21,4.96,-0.05,-0.01
2026-09-23,BAMLH0A0HYM2,하이일드 스프레드(OAS),2026-09-21,2.66,-0.02,-0.05
2026-09-23,BAMLC0A4CBBB,BBB 회사채 스프레드,2026-09-21,0.95,0.01,-0.03
2026-09-23,DTWEXBGS,달러지수(광의),2026-09-18,119.5133,0.1644,1.3007
2026-09-24,DGS30,미국채 30년,2026-09-22,5.29,0.0,-0.07
2026-09-24,DGS10,미국채 10년,2026-09-22,4.96,0.0,-0.04
2026-09-24,BAMLH0A0HYM2,하이일드 스프레드(OAS),2026-09-22,2.68,0.02,-0.08
2026-09-24,BAMLC0A4CBBB,BBB 회사채 스프레드,2026-09-22,0.95,0.0,-0.03
2026-09-24,DTWEXBGS,달러지수(광의),2026-09-18,119.5133,0.1644,1.3007
2026-09-25,DGS30,미국채 30년,2026-09-23,5.4,0.11,0.05
2026-09-25,DGS10,미국채 10년,2026-09-23,5.11,0.15,0.1
2026-09-25,BAMLH0A0HYM2,하이일드 스프레드(OAS),2026-09-23,2.73,0.05,0.03
2026-09-25,BAMLC0A4CBBB,BBB 회사채 스프레드,2026-09-23,0.95,0.0,-0.01
2026-09-25,DTWEXBGS,달러지수(광의),2026-09-18,119.5133,0.1644,1.3007
2026-09-28,DGS30,미국채 30년,2026-09-24,5.47,0.07,0.18
2026-09-28,DGS10,미국채 10년,2026-09-24,5.18,0.07,0.24
2026-09-28,BAMLH0A0HYM2,하이일드 스프레드(OAS),2026-09-24,2.8,0.07,0.1
2026-09-28,BAMLC0A4CBBB,BBB 회사채 스프레드,2026-09-24,0.97,0.02,0.02
2026-09-28,DTWEXBGS,달러지수(광의),2026-09-18,119.5133,0.1644,1.3007
2026-09-29,DGS30,미국채 30년,2026-09-25,5.49,0.02,0.15
2026-09-29,DGS10,미국채 10년,2026-09-25,5.17,-0.01,0.16
2026-09-29,BAMLH0A0HYM2,하이일드 스프레드(OAS),2026-09-25,2.93,0.13,0.25
2026-09-29,BAMLC0A4CBBB,BBB 회사채 스프레드,2026-09-25,0.99,0.02,0.05
2026-09-29,DTWEXBGS,달러지수(광의),2026-09-25,120.33,-0.2221,0.8167
2026-09-30,DGS30,미국채 30년,2026-09-28,5.56,0.07,0.27
2026-09-30,DGS10,미국채 10년,2026-09-28,5.24,0.07,0.28
2026-09-30,BAMLH0A0HYM2,하이일드 스프레드(OAS),2026-09-28,3.02,0.09,0.36
2026-09-30,BAMLC0A4CBBB,BBB 회사채 스프레드,2026-09-28,1.02,0.03,0.07
2026-09-30,DTWEXBGS,달러지수(광의),2026-09-25,120.33,-0.2221,0.8167
2026-10-01,DGS30,미국채 30년,2026-09-29,5.59,0.03,0.3
2026-10-01,DGS10,미국채 10년,2026-09-29,5.26,0.02,0.3
2026-10-01,BAMLH0A0HYM2,하이일드 스프레드(OAS),2026-09-29,3.08,0.06,0.4
2026-10-01,BAMLC0A4CBBB,BBB 회사채 스프레드,2026-09-29,1.02,0.0,0.07
2026-10-01,DTWEXBGS,달러지수(광의),2026-09-25,120.33,-0.2221,0.8167
2026-10-02,DGS30,미국채 30년,2026-09-30,5.64,0.05,0.24
2026-10-02,DGS10,미국채 10년,2026-09-30,5.29,0.03,0.18
2026-10-02,BAMLH0A0HYM2,하이일드 스프레드(OAS),2026-09-30,3.12,0.04,0.39
2026-10-02,BAMLC0A4CBBB,BBB 회사채 스프레드,2026-09-30,1.03,0.01,0.08
2026-10-02,DTWEXBGS,달러지수(광의),2026-09-25,120.33,-0.2221,0.8167
2026-10-05,DGS30,미국채 30년,2026-10-01,5.61,-0.03,0.14
2026-10-05,DGS10,미국채 10년,2026-10-01,5.24,-0.05,0.06
2026-10-05,BAMLH0A0HYM2,하이일드 스프레드(OAS),2026-10-01,3.24,0.12,0.44
2026-10-05,BAMLC0A4CBBB,BBB 회사채 스프레드,2026-10-01,1.06,0.03,0.09
2026-10-05,DTWEXBGS,달러지수(광의),2026-09-25,120.33,-0.2221,0.8167
2026-10-06,DGS30,미국채 30년,2026-10-02,5.63,0.02,0.14
2026-10-06,DGS10,미국채 10년,2026-10-02,5.28,0.04,0.11
2026-10-06,BAMLH0A0HYM2,하이일드 스프레드(OAS),2026-10-02,3.1,-0.14,0.17
2026-10-06,BAMLC0A4CBBB,BBB 회사채 스프레드,2026-10-02,1.04,-0.02,0.05
2026-10-06,DTWEXBGS,달러지수(광의),2026-10-02,121.3848,-0.4034,1.0548
2026-10-07,DGS30,미국채 30년,2026-10-05,5.66,0.03,0.1
2026-10-07,DGS10,미국채 10년,2026-10-05,5.31,0.03,0.07
2026-10-07,BAMLH0A0HYM2,하이일드 스프레드(OAS),2026-10-05,3.12,0.02,0.1
2026-10-07,BAMLC0A4CBBB,BBB 회사채 스프레드,2026-10-05,1.04,0.0,0.02
2026-10-07,DTWEXBGS,달러지수(광의),2026-10-02,121.3848,-0.4034,1.0548
2026-10-08,DGS30,미국채 30년,2026-10-06,5.64,-0.02,0.05
2026-10-08,DGS10,미국채 10년,2026-10-06,5.27,-0.04,0.01
2026-10-08,BAMLH0A0HYM2,하이일드 스프레드(OAS),2026-10-06,3.03,-0.09,-0.05
2026-10-08,BAMLC0A4CBBB,BBB 회사채 스프레드,2026-10-06,1.02,-0.02,0.0
2026-10-08,DTWEXBGS,달러지수(광의),2026-10-02,121.3848,-0.4034,1.0548
